17504528	287147811	[(0.55117995, 'bedroom'), (0.1862994, 'youth_hostel'), (0.11279184, 'hotel_room'), (0.07552155, 'bedchamber'), (0.050214257, 'dorm_room')]	[(0.07561578233452446, 'enclosed area'), (0.04889886863775051, 'no horizon'), (0.032606019879746324, 'man-made'), (0.0269289468219796, 'wood'), (0.01866293600858035, 'soothing'), (0.017718421166147587, 'reading'), (0.017226112195818336, 'indoor lighting'), (0.01489826935305106, 'cloth'), (0.013516732231577124, 'carpet')]	(0.0, True)
1243664265204920413	1992015094	[(0.28998604, 'artists_loft'), (0.25732803, 'dining_room'), (0.07840154, 'dining_hall'), (0.075392276, 'bow_window/indoor'), (0.05105911, 'restaurant')]	[(0.050289651944815494, 'man-made'), (0.04332899539371834, 'no horizon'), (0.035547931444520765, 'enclosed area'), (0.03477746378630735, 'glass'), (0.02496448913184069, 'natural light'), (0.023225774812768184, 'wood'), (0.022333630676457463, 'reading'), (0.019846521092484595, 'eating'), (0.016733706127155256, 'glossy')]	(0.0, True)
48852227	1574922562	[(0.24315359, 'attic'), (0.15873814, 'artists_loft'), (0.082720555, 'television_room'), (0.08175325, 'alcove'), (0.067488864, 'home_office')]	[(0.06890008523470535, 'enclosed area'), (0.042800640763715495, 'no horizon'), (0.03416386869330448, 'man-made'), (0.03337238692180186, 'wood'), (0.018285083863238398, 'glass'), (0.018064022448497193, 'indoor lighting'), (0.01751095866486105, 'glossy'), (0.01353696837768837, 'reading'), (0.012177718125104741, 'horizontal components')]	(0.0, True)
742758321818408236	1512636729	[(0.74012125, 'bedroom'), (0.17459525, 'bedchamber'), (0.06511151, 'hotel_room'), (0.008161428, 'youth_hostel'), (0.0064210435, 'childs_room')]	[(0.06126245593145475, 'enclosed area'), (0.049258641756101215, 'no horizon'), (0.04022848073763294, 'man-made'), (0.019290526687543216, 'soothing'), (0.018978611278957745, 'wood'), (0.017838905226726504, 'indoor lighting'), (0.017510746980611714, 'cloth'), (0.01743548289645137, 'reading'), (0.01590010867020663, 'glass')]	(0.0, True)
1046334906190059179	1877310319	[(0.39932534, 'swimming_pool/outdoor'), (0.1025969, 'picnic_area'), (0.08125318, 'water_park'), (0.034067277, 'park'), (0.024579158, 'windmill')]	[(0.05206549930888038, 'natural light'), (0.04433576121274982, 'open area'), (0.03516780077761453, 'trees'), (0.02986461823997415, 'man-made'), (0.02922266616412069, 'foliage'), (0.023689288100338338, 'leaves'), (0.022903462217574517, 'sunny'), (0.019128716869604927, 'vegetation'), (0.018642653154037403, 'no horizon')]	(1.0, False)
53685198	1793750132	[(0.5491308, 'kitchen'), (0.3412897, 'wet_bar'), (0.04119518, 'dining_room'), (0.010403949, 'alcove'), (0.009493668, 'artists_loft')]	[(0.04444621549991591, 'enclosed area'), (0.04064442590540102, 'no horizon'), (0.03624996397459498, 'man-made'), (0.03029404593770782, 'wood'), (0.020551887033030538, 'glass'), (0.016866243067981766, 'natural light'), (0.01622894813599674, 'glossy'), (0.015331930103828667, 'indoor lighting'), (0.015078321168915068, 'eating')]	(0.0, True)
1363568378585483668	2095343696	[(0.21639894, 'patio'), (0.18416192, 'restaurant_patio'), (0.09333762, 'courtyard'), (0.08985707, 'balcony/exterior'), (0.06384673, 'balcony/interior')]	[(0.0564786192758914, 'man-made'), (0.03967482193857558, 'natural light'), (0.026048355148032755, 'open area'), (0.025027608741844905, 'no horizon'), (0.01991818074506152, 'sunny'), (0.01766959363256913, 'foliage'), (0.01677615863453479, 'vegetation'), (0.01630424177862799, 'touring'), (0.015822953669317567, 'soothing')]	(1.0, False)
970555245862840468	1731501476	[(0.37969357, 'television_room'), (0.09500761, 'hotel_room'), (0.07370017, 'conference_room'), (0.066658095, 'waiting_room'), (0.05705072, 'dining_room')]	[(0.0506495064671345, 'enclosed area'), (0.04545436802053888, 'no horizon'), (0.02973563339758032, 'man-made'), (0.021597374204571303, 'reading'), (0.02104251615697899, 'wood'), (0.017619580303084956, 'glass'), (0.017339398676119163, 'indoor lighting'), (0.01580802556142225, 'cloth'), (0.015122861918508512, 'soothing')]	(0.0, True)
41366854	1729455697	[(0.40710396, 'subway_station/platform'), (0.13524285, 'server_room'), (0.118598916, 'archive'), (0.06818511, 'elevator_lobby'), (0.037907068, 'train_station/platform')]	[(0.06863300051486512, 'no horizon'), (0.06731491270009682, 'enclosed area'), (0.05148095112071423, 'man-made'), (0.02466452082747302, 'indoor lighting'), (0.022100486084908222, 'glossy'), (0.0211213783198905, 'glass'), (0.013193435074895584, 'metal'), (0.013185735402831519, 'horizontal components'), (0.013088085831591002, 'matte')]	(0.0, True)
1321017599956370999	2060852113	[(0.100206934, 'museum/indoor'), (0.079298265, 'home_office'), (0.07348359, 'home_theater'), (0.051335633, 'bank_vault'), (0.041895885, 'sauna')]	[(0.07628207005093819, 'no horizon'), (0.056697876696429304, 'enclosed area'), (0.05561394611267126, 'man-made'), (0.04390960099786225, 'wood'), (0.014918174271377517, 'indoor lighting'), (0.012303080002048224, 'aged'), (0.012011979116862283, 'glossy'), (0.011476760041715791, 'matte'), (0.010738011537277133, 'horizontal components')]	(0.0, True)
31039810	2046414796	[(0.39437327, 'server_room'), (0.21687622, 'clean_room'), (0.11866713, 'motel'), (0.035307087, 'physics_laboratory'), (0.03270356, 'recreation_room')]	[(0.041844342105041114, 'man-made'), (0.03282020403210888, 'no horizon'), (0.028256594282980458, 'enclosed area'), (0.019169035861150516, 'metal'), (0.01561933947816809, 'matte'), (0.014851232814803939, 'natural light'), (0.014721771403698689, 'glossy'), (0.014349525459966832, 'open area'), (0.01380964776863646, 'competing')]	(0.1, True)
34058936	733220750	[(0.69593257, 'artists_loft'), (0.07067345, 'living_room'), (0.027000813, 'recreation_room'), (0.019018335, 'attic'), (0.0150469, 'bedchamber')]	[(0.06888350358821017, 'enclosed area'), (0.04620190906553481, 'no horizon'), (0.037359210794180274, 'man-made'), (0.029011612894361338, 'wood'), (0.022081551081386083, 'glass'), (0.019555079153158315, 'indoor lighting'), (0.018955369648543885, 'reading'), (0.01623238967370627, 'glossy'), (0.014123637896851634, 'soothing')]	(0.0, True)
39254241	1503614516	[(0.4966818, 'shower'), (0.4335955, 'bathroom'), (0.01024206, 'kitchen'), (0.009407645, 'utility_room'), (0.009359653, 'sauna')]	[(0.056918954706246035, 'enclosed area'), (0.05665733829608648, 'no horizon'), (0.0409625827524564, 'man-made'), (0.018593783927061763, 'glossy'), (0.017988126502348985, 'wood'), (0.017680547788377465, 'glass'), (0.014907685964214407, 'indoor lighting'), (0.014209360796754745, 'matte'), (0.014057458195158523, 'natural light')]	(0.0, True)
1263620314314079493	2058085035	[(0.5806503, 'hotel_room'), (0.21650045, 'bedroom'), (0.1324192, 'youth_hostel'), (0.02270337, 'bedchamber'), (0.010074607, 'dorm_room')]	[(0.06095931513820544, 'enclosed area'), (0.05250564685489546, 'no horizon'), (0.035606946196850155, 'man-made'), (0.021911618147991172, 'wood'), (0.018043344289789116, 'soothing'), (0.017852581384845547, 'glossy'), (0.01741148250578288, 'glass'), (0.015971580554418514, 'reading'), (0.015876460077223833, 'vertical components')]	(0.0, True)
53860867	2173140837	[(0.82720155, 'television_room'), (0.080164, 'hotel_room'), (0.024467252, 'bedroom'), (0.015686423, 'living_room'), (0.011419954, 'bedchamber')]	[(0.03938003163369837, 'man-made'), (0.03400145505288848, 'enclosed area'), (0.029281512495577845, 'no horizon'), (0.022557024417667146, 'wood'), (0.02229212692299633, 'natural light'), (0.020814211488147376, 'reading'), (0.018391205276034016, 'glass'), (0.017692137573255932, 'soothing'), (0.013837800247985301, 'glossy')]	(0.0, True)
45057972	2102771853	[(0.27050915, 'bedroom'), (0.25369728, 'bedchamber'), (0.107596286, 'childs_room'), (0.09246993, 'television_room'), (0.09104735, 'living_room')]	[(0.08621334063045245, 'enclosed area'), (0.07077065652015387, 'no horizon'), (0.035448895314184777, 'wood'), (0.034939086873850576, 'man-made'), (0.02510040115003354, 'indoor lighting'), (0.018365926878981677, 'glass'), (0.0163567866333549, 'soothing'), (0.01517313507036105, 'reading'), (0.014202545125193844, 'glossy')]	(0.0, True)
907156493869622498	1668574200	[(0.42691338, 'pantry'), (0.34774938, 'closet'), (0.10387677, 'storage_room'), (0.09379545, 'archive'), (0.0048292144, 'alcove')]	[(0.07671637128634451, 'enclosed area'), (0.05503058065677892, 'no horizon'), (0.029721365333513317, 'man-made'), (0.02443287463330606, 'wood'), (0.015832410883977865, 'indoor lighting'), (0.01528090601281311, 'horizontal components'), (0.013424954231749045, 'matte'), (0.013276443449959178, 'reading'), (0.013225630675005364, 'glossy')]	(0.0, True)
1168513158547624989	1919741377	[(0.21525745, 'beauty_salon'), (0.21286632, 'drugstore'), (0.06950223, 'booth/indoor'), (0.06813477, 'jewelry_shop'), (0.064782396, 'clean_room')]	[(0.036668075525277836, 'man-made'), (0.032308871240957354, 'no horizon'), (0.019611456588971503, 'enclosed area'), (0.01810448052600699, 'natural light'), (0.016309298712069365, 'open area'), (0.015161871301063858, 'working'), (0.014668393385654416, 'metal'), (0.01439431290292808, 'sunny'), (0.014326510294229348, 'matte')]	(0.0, True)
54128075	1556010912	[(0.9277548, 'bathroom'), (0.01408505, 'shower'), (0.013008963, 'utility_room'), (0.006465152, 'wet_bar'), (0.006124615, 'biology_laboratory')]	[(0.07536363751957696, 'enclosed area'), (0.07263059872056901, 'no horizon'), (0.03345941069830361, 'man-made'), (0.01769548667479436, 'glossy'), (0.01620028957749043, 'matte'), (0.015496382458462875, 'indoor lighting'), (0.015452862977615807, 'wood'), (0.013900215972973872, 'working'), (0.012584677344890863, 'sterile')]	(0.0, True)
868100255727408940	1626646496	[(0.42599437, 'art_gallery'), (0.16604486, 'artists_loft'), (0.08248384, 'archive'), (0.06340349, 'museum/indoor'), (0.035578974, 'art_studio')]	[(0.040366599353405586, 'man-made'), (0.03765432275352365, 'no horizon'), (0.03313065354404963, 'enclosed area'), (0.016439106533185425, 'natural light'), (0.01415680911055903, 'open area'), (0.014140702065604584, 'indoor lighting'), (0.013540022732790558, 'glass'), (0.013434170034589493, 'wood'), (0.013416578880811636, 'vertical components')]	(0.0, True)
1424661355462556644	2179701286	[(0.48645025, 'kitchen'), (0.10566709, 'galley'), (0.102819346, 'restaurant_kitchen'), (0.06791098, 'office_cubicles'), (0.027853046, 'wet_bar')]	[(0.07231700814238107, 'enclosed area'), (0.050701552751558555, 'no horizon'), (0.03645424797538761, 'man-made'), (0.030617063928196023, 'indoor lighting'), (0.023486942625845986, 'glossy'), (0.018029130209527826, 'wood'), (0.013711330402834171, 'matte'), (0.012889338549695876, 'horizontal components'), (0.012711979507581664, 'metal')]	(0.0, True)
1218016316190525409	2012182743	[(0.4709034, 'television_room'), (0.08372027, 'living_room'), (0.061652318, 'reception'), (0.05010821, 'hotel_room'), (0.04934839, 'conference_room')]	[(0.04402538511826758, 'enclosed area'), (0.043170251054797895, 'man-made'), (0.0395733540748199, 'no horizon'), (0.024688142576252004, 'wood'), (0.020040851651301372, 'reading'), (0.017831314274022403, 'indoor lighting'), (0.0170234916698663, 'glossy'), (0.016961112511969623, 'glass'), (0.01596022772594316, 'soothing')]	(0.0, True)
578448713471243032	2086031147	[(0.48558456, 'garage/outdoor'), (0.16068517, 'driveway'), (0.12853844, 'beach_house'), (0.074931346, 'manufactured_home'), (0.029121155, 'house')]	[(0.06253708057756562, 'natural light'), (0.05796538906478583, 'man-made'), (0.048330089700125735, 'open area'), (0.022711380038955155, 'sunny'), (0.01917323056743476, 'shingles'), (0.015476475999579882, 'no horizon'), (0.015247723129471674, 'grass'), (0.014022346371529468, 'clouds'), (0.013537474503324825, 'glass')]	(0.9, False)
1172960962030755579	1936040365	[(0.8039406, 'shower'), (0.122494854, 'bathroom'), (0.033448905, 'sauna'), (0.010064545, 'utility_room'), (0.004096141, 'alcove')]	[(0.04883150976296201, 'no horizon'), (0.046764672978654165, 'enclosed area'), (0.040910528961859725, 'man-made'), (0.017003215047695197, 'wood'), (0.01613716931420772, 'natural light'), (0.014329559709387919, 'glossy'), (0.014014782346782894, 'vertical components'), (0.013377098057263954, 'dry'), (0.013132711945413563, 'glass')]	(0.0, True)
1350301349533798573	2127035474	[(0.500681, 'balcony/interior'), (0.2640606, 'beach_house'), (0.05464555, 'balcony/exterior'), (0.030330237, 'promenade'), (0.025242558, 'coast')]	[(0.0733056362469919, 'natural light'), (0.05364609045173379, 'open area'), (0.02902681407133128, 'sunny'), (0.027181332644718927, 'man-made'), (0.024971047285496935, 'far-away horizon'), (0.01917840216326191, 'clouds'), (0.01622160994342225, 'vegetation'), (0.01544774419223501, 'soothing'), (0.015215574612728903, 'foliage')]	(1.0, False)
1050014931634707950	1804359932	[(0.9567486, 'recreation_room'), (0.017247392, 'television_room'), (0.0036230572, 'home_theater'), (0.0029115304, 'jacuzzi/indoor'), (0.0019287769, 'artists_loft')]	[(0.042487370408278664, 'no horizon'), (0.04200488349119152, 'enclosed area'), (0.04103660044353645, 'man-made'), (0.029954235122843856, 'wood'), (0.02069664923563385, 'indoor lighting'), (0.017095189031427656, 'glass'), (0.016418051674437585, 'glossy'), (0.016219416261940216, 'reading'), (0.015971672352114656, 'natural light')]	(0.0, True)
1338376581266983645	2072470997	[(0.18071502, 'conference_room'), (0.100975476, 'jacuzzi/indoor'), (0.067344666, 'swimming_pool/indoor'), (0.065123215, 'recreation_room'), (0.060760178, 'reception')]	[(0.06006979938512735, 'enclosed area'), (0.04349973255047773, 'no horizon'), (0.04171105119226541, 'man-made'), (0.02973601794780284, 'indoor lighting'), (0.02480806766734507, 'wood'), (0.022442393959821186, 'glossy'), (0.018442280987895215, 'reading'), (0.01680115688645279, 'glass'), (0.013621733111546373, 'soothing')]	(0.0, True)
1289859937386513302	2030153366	[(0.7373815, 'bedroom'), (0.19359142, 'bedchamber'), (0.025616812, 'hotel_room'), (0.021604562, 'childs_room'), (0.01142848, 'youth_hostel')]	[(0.05441561020715564, 'man-made'), (0.043747362512963545, 'no horizon'), (0.03857456557277614, 'enclosed area'), (0.020483949488459097, 'natural light'), (0.01825590276817149, 'soothing'), (0.017445078781641227, 'glass'), (0.015797025532881825, 'reading'), (0.015322900434989713, 'glossy'), (0.014639293169047898, 'wood')]	(0.0, True)
1028823591894109461	1784828657	[(0.32450852, 'downtown'), (0.1027397, 'skyscraper'), (0.08812101, 'promenade'), (0.0710229, 'plaza'), (0.063405596, 'canal/urban')]	[(0.07258141550681127, 'man-made'), (0.03989678407970609, 'natural light'), (0.030826924878740804, 'open area'), (0.020461096448237313, 'no horizon'), (0.01934231094271114, 'vertical components'), (0.0167464443346945, 'sunny'), (0.014220301017784065, 'touring'), (0.012575616254893155, 'glossy'), (0.012324347266130653, 'metal')]	(1.0, False)
1179147130529048263	2181580241	[(0.53509325, 'living_room'), (0.12478562, 'artists_loft'), (0.08851452, 'television_room'), (0.041040894, 'bow_window/indoor'), (0.03921378, 'waiting_room')]	[(0.05783063934849663, 'enclosed area'), (0.049804999981110286, 'no horizon'), (0.04242872125275662, 'man-made'), (0.028977106103556804, 'wood'), (0.024451457985283698, 'reading'), (0.022438507331800504, 'glass'), (0.0188017047091203, 'soothing'), (0.01596577704399101, 'natural light'), (0.015123345036584988, 'indoor lighting')]	(0.0, True)
915282958610387164	1694223876	[(0.3168552, 'village'), (0.22510412, 'slum'), (0.09088504, 'kasbah'), (0.06545445, 'residential_neighborhood'), (0.02706524, 'downtown')]	[(0.05989195553960879, 'open area'), (0.05717147529444667, 'natural light'), (0.03434106671269324, 'man-made'), (0.02482771479708697, 'sunny'), (0.02288766668566954, 'far-away horizon'), (0.01930334471828674, 'clouds'), (0.011961400364001984, 'transporting'), (0.011866074884612445, 'dry'), (0.011520099969460013, 'cluttered space')]	(1.0, False)
3497901	1574311229	[(0.8239865, 'phone_booth'), (0.015138268, 'ticket_booth'), (0.012406769, 'home_office'), (0.010059916, 'gas_station'), (0.009891293, 'television_room')]	[(0.05552787926385254, 'man-made'), (0.05505027144514684, 'no horizon'), (0.02897707515491268, 'enclosed area'), (0.02148684347048818, 'natural light'), (0.015923604250112626, 'open area'), (0.01589916719182375, 'wood'), (0.014972504019203355, 'dry'), (0.013943895250671455, 'glass'), (0.013449931433266341, 'cloth')]	(0.2, True)
1321766400547570586	2057191085	[(0.1903721, 'patio'), (0.13291198, 'restaurant_patio'), (0.069425024, 'beach_house'), (0.049262937, 'roof_garden'), (0.04403468, 'picnic_area')]	[(0.07394547405947835, 'man-made'), (0.045468386620728815, 'natural light'), (0.034754756769147806, 'open area'), (0.029126659705872457, 'sunny'), (0.02224107187895074, 'grass'), (0.017850620919143387, 'no horizon'), (0.014872917956490173, 'wood'), (0.014726808017823417, 'vegetation'), (0.013777592829175902, 'reading')]	(1.0, False)
49584574	1286557300	[(0.41952705, 'wet_bar'), (0.25632384, 'bathroom'), (0.049563527, 'alcove'), (0.046440445, 'kitchen'), (0.043180548, 'shower')]	[(0.056849209758357694, 'enclosed area'), (0.05429155730795452, 'no horizon'), (0.043671971406320675, 'man-made'), (0.02778884964010249, 'wood'), (0.017207619011529455, 'indoor lighting'), (0.015858474672858502, 'glass'), (0.015725293146047693, 'glossy'), (0.013758972206275933, 'natural light'), (0.012992718086700062, 'vertical components')]	(0.0, True)
46378081	1580444958	[(0.75959086, 'bedroom'), (0.06553396, 'hotel_room'), (0.044394072, 'bedchamber'), (0.04082, 'youth_hostel'), (0.034340303, 'berth')]	[(0.07105415783862899, 'enclosed area'), (0.06395734244751515, 'no horizon'), (0.04621641243235471, 'man-made'), (0.02054869789300325, 'wood'), (0.01728185520355916, 'glass'), (0.017054079074018146, 'soothing'), (0.015899415144892116, 'reading'), (0.01557341200040463, 'indoor lighting'), (0.013080786840315587, 'carpet')]	(0.0, True)
40421777	1815448395	[(0.19057693, 'staircase'), (0.13343577, 'mezzanine'), (0.10813555, 'basement'), (0.097452395, 'entrance_hall'), (0.09632476, 'waiting_room')]	[(0.07112217764138638, 'enclosed area'), (0.05039648914878317, 'no horizon'), (0.0424925574547416, 'man-made'), (0.023900396610656457, 'indoor lighting'), (0.019032348583645903, 'wood'), (0.014605471839693648, 'horizontal components'), (0.013682453582145197, 'glossy'), (0.012390968830511747, 'reading'), (0.012082803032229257, 'cloth')]	(0.0, True)
1350301349533798573	2127034750	[(0.24552853, 'living_room'), (0.19727625, 'artists_loft'), (0.17063297, 'bedchamber'), (0.08528667, 'bedroom'), (0.029431393, 'attic')]	[(0.0565074212251362, 'man-made'), (0.03662704008207526, 'enclosed area'), (0.03157104033286078, 'no horizon'), (0.025655675976984597, 'wood'), (0.02039639942856028, 'reading'), (0.019488352044166053, 'natural light'), (0.0188573701929315, 'soothing'), (0.0174649146490477, 'glossy'), (0.017456073436052676, 'glass')]	(0.1, True)
922425878368091276	1696069992	[(0.57776606, 'hunting_lodge/outdoor'), (0.08137677, 'garage/outdoor'), (0.060324315, 'chalet'), (0.05859723, 'yard'), (0.055379838, 'oast_house')]	[(0.04981176800635459, 'man-made'), (0.04947686649246354, 'natural light'), (0.04805891843248531, 'open area'), (0.033562935581217083, 'grass'), (0.026950604239352964, 'foliage'), (0.02686014801581622, 'trees'), (0.026040355781175, 'vegetation'), (0.02388385291218657, 'sunny'), (0.022429791678519932, 'leaves')]	(1.0, False)
54128075	1582861211	[(0.29873854, 'entrance_hall'), (0.21728013, 'bow_window/indoor'), (0.098060876, 'alcove'), (0.09133909, 'dining_room'), (0.041084953, 'wet_bar')]	[(0.07970866625325136, 'no horizon'), (0.07950497327995748, 'enclosed area'), (0.051111260557997175, 'man-made'), (0.020787521519753684, 'glass'), (0.018196132824429778, 'indoor lighting'), (0.015916011481506075, 'wood'), (0.014050602423566299, 'vertical components'), (0.012813779150335278, 'glossy'), (0.011547333472928467, 'metal')]	(0.0, True)
1179147130529048263	1982466014	[(0.10357921, 'campsite'), (0.09101724, 'mountain'), (0.06535391, 'volcano'), (0.0578913, 'picnic_area'), (0.05027108, 'valley')]	[(0.05343937872643949, 'natural light'), (0.046968474976185844, 'open area'), (0.030292354743339637, 'sunny'), (0.02523982969697137, 'far-away horizon'), (0.018198192424023076, 'cloth'), (0.01781737631945518, 'natural'), (0.017137401463494958, 'man-made'), (0.01641415291383913, 'rugged scene'), (0.016073929301435495, 'warm')]	(1.0, False)
773416259370739501	2029905119	[(0.30205366, 'landing_deck'), (0.074305266, 'parking_lot'), (0.06750484, 'ocean'), (0.060895164, 'runway'), (0.039019875, 'coast')]	[(0.05837801881219726, 'man-made'), (0.05254363606145472, 'natural light'), (0.0466798092393629, 'open area'), (0.021293119388941358, 'sunny'), (0.020341575680160578, 'far-away horizon'), (0.019221196035193063, 'transporting'), (0.01761515262795714, 'driving'), (0.016785549117338573, 'asphalt'), (0.01645254616516706, 'clouds')]	(1.0, False)
997931134075650382	1765883902	[(0.34137914, 'dining_room'), (0.10696675, 'reception'), (0.103665546, 'wet_bar'), (0.08682537, 'dining_hall'), (0.04673035, 'kitchen')]	[(0.0682124963204203, 'enclosed area'), (0.03887863438032356, 'no horizon'), (0.03465729573410991, 'wood'), (0.02965001822872604, 'indoor lighting'), (0.02594908829167533, 'man-made'), (0.019384990418975505, 'reading'), (0.018514876638388914, 'glass'), (0.017955797074862518, 'glossy'), (0.01775971565006236, 'eating')]	(0.0, True)
780330172138853428	1561377755	[(0.4934845, 'bedroom'), (0.36587176, 'bedchamber'), (0.040764887, 'hotel_room'), (0.025024552, 'alcove'), (0.018687533, 'attic')]	[(0.059834442834324014, 'enclosed area'), (0.04805749582022066, 'man-made'), (0.045957371109648974, 'no horizon'), (0.023454144996894143, 'wood'), (0.018313789339296654, 'soothing'), (0.017971049462494695, 'glass'), (0.017710864677765645, 'reading'), (0.017405574562981318, 'indoor lighting'), (0.015310911527528025, 'natural light')]	(0.0, True)
49457568	1799898209	[(0.1529413, 'wet_bar'), (0.15135682, 'dining_room'), (0.10232908, 'kitchen'), (0.09663528, 'galley'), (0.08382937, 'entrance_hall')]	[(0.06186575141228702, 'enclosed area'), (0.05197573160705605, 'wood'), (0.04155098671852765, 'no horizon'), (0.03863435558100385, 'man-made'), (0.023385390604587507, 'indoor lighting'), (0.018583982942545686, 'glass'), (0.018026741786220987, 'glossy'), (0.01698921494792764, 'reading'), (0.015125004209342504, 'eating')]	(0.0, True)
1354530273558039517	2123854082	[(0.6032538, 'crosswalk'), (0.16233768, 'parking_lot'), (0.09269521, 'residential_neighborhood'), (0.015976237, 'street'), (0.013584178, 'campus')]	[(0.05212299657549695, 'natural light'), (0.048016188125908195, 'man-made'), (0.04454363672182569, 'open area'), (0.026984823959250306, 'trees'), (0.02416171464192512, 'foliage'), (0.023907561807222828, 'driving'), (0.02364695565883559, 'asphalt'), (0.021081195743894006, 'sunny'), (0.020006502473027883, 'pavement')]	(1.0, False)
17468670	1572444378	[(0.28419325, 'bathroom'), (0.11270153, 'shower'), (0.084500715, 'attic'), (0.06409828, 'sauna'), (0.056382503, 'alcove')]	[(0.0724449104425867, 'enclosed area'), (0.057170997072204986, 'no horizon'), (0.03742389262579233, 'man-made'), (0.03564448893967926, 'wood'), (0.017454822664039492, 'indoor lighting'), (0.015328298540042886, 'glass'), (0.013851912421945882, 'glossy'), (0.012576584880000607, 'reading'), (0.012486279247418495, 'soothing')]	(0.0, True)
929226381813377349	1890946665	[(0.52566427, 'shower'), (0.18216869, 'elevator/door'), (0.09539137, 'bathroom'), (0.041464485, 'elevator_lobby'), (0.029107463, 'jail_cell')]	[(0.0585049005527836, 'enclosed area'), (0.04832161283330305, 'no horizon'), (0.037034976537796124, 'man-made'), (0.02238021539826151, 'indoor lighting'), (0.01843283901279819, 'glossy'), (0.013832262670953601, 'matte'), (0.011854639011003674, 'vertical components'), (0.01166988503553382, 'tiles'), (0.011628935166436082, 'glass')]	(0.0, True)
696850394749324847	1772752914	[(0.53752834, 'swimming_pool/outdoor'), (0.090103276, 'hotel/outdoor'), (0.07699735, 'beach_house'), (0.062423185, 'motel'), (0.061313037, 'swimming_pool/indoor')]	[(0.07618466036037715, 'man-made'), (0.058052713174291865, 'natural light'), (0.057452636764639145, 'open area'), (0.027161081158889638, 'sunny'), (0.023221469377400043, 'swimming'), (0.02229250211029106, 'still water'), (0.020080139786013165, 'diving'), (0.01621579102993174, 'touring'), (0.014500928387385785, 'far-away horizon')]	(0.8, False)
6053606	1702476872	[(0.25078315, 'childs_room'), (0.15363906, 'playroom'), (0.08970613, 'nursery'), (0.079954855, 'artists_loft'), (0.068401866, 'corridor')]	[(0.0572134280155878, 'no horizon'), (0.05646709404100061, 'enclosed area'), (0.030639687564785335, 'man-made'), (0.0185186896591217, 'glass'), (0.01823891495960104, 'wood'), (0.014939525620175377, 'indoor lighting'), (0.014562119058058756, 'glossy'), (0.013963045825526035, 'reading'), (0.013848143463339325, 'soothing')]	(0.0, True)
51495230	1232758236	[(0.104873024, 'porch'), (0.0968421, 'entrance_hall'), (0.089827515, 'roof_garden'), (0.07333312, 'doorway/outdoor'), (0.06599339, 'staircase')]	[(0.048639990628211914, 'no horizon'), (0.03745910042591481, 'man-made'), (0.03404939944930818, 'natural light'), (0.025451976047845982, 'foliage'), (0.025282706031127342, 'leaves'), (0.025253138468005466, 'vegetation'), (0.018495037672623536, 'soothing'), (0.018286642339346133, 'shrubbery'), (0.017803979675737512, 'trees')]	(0.6, False)
811743803878462171	1573977798	[(0.5000418, 'swimming_pool/outdoor'), (0.16395746, 'swimming_pool/indoor'), (0.07539558, 'water_park'), (0.05573139, 'greenhouse/outdoor'), (0.053198643, 'jacuzzi/indoor')]	[(0.06292118679247913, 'natural light'), (0.05861882760285135, 'man-made'), (0.030698327742771307, 'open area'), (0.02308221211189939, 'no horizon'), (0.018627153587818707, 'still water'), (0.017605769278834376, 'sunny'), (0.01673894667193724, 'swimming'), (0.01570226197633664, 'diving'), (0.013637311525712275, 'bathing')]	(0.8, False)
41897762	1941009037	[(0.6285373, 'bedroom'), (0.14518683, 'hotel_room'), (0.08274303, 'bedchamber'), (0.025644258, 'childs_room'), (0.02453217, 'television_room')]	[(0.08055356496964895, 'enclosed area'), (0.05653025007694494, 'no horizon'), (0.030625046731542347, 'man-made'), (0.03013091926185109, 'wood'), (0.020810410641310687, 'indoor lighting'), (0.018562318272732765, 'reading'), (0.018262072235721287, 'soothing'), (0.017750362937632953, 'glossy'), (0.017530582363465278, 'glass')]	(0.0, True)
1046334906190059179	2170537156	[(0.09753553, 'water_park'), (0.06858134, 'lock_chamber'), (0.066397026, 'harbor'), (0.05551879, 'canal/natural'), (0.052748382, 'river')]	[(0.045205303118225244, 'natural light'), (0.03826159254308428, 'open area'), (0.023680412271062802, 'man-made'), (0.021603408681013195, 'foliage'), (0.021521329448120966, 'no horizon'), (0.021014436480254924, 'trees'), (0.01809041362335544, 'leaves'), (0.01805350852548216, 'swimming'), (0.017915381036410948, 'boating')]	(1.0, False)
1085630187382394314	1836276607	[(0.31348684, 'dining_room'), (0.27153477, 'wet_bar'), (0.20267312, 'kitchen'), (0.061997127, 'artists_loft'), (0.028040132, 'living_room')]	[(0.053165977728902476, 'enclosed area'), (0.03969928864236538, 'man-made'), (0.03751740926580542, 'no horizon'), (0.036406372985215915, 'wood'), (0.019957856856732476, 'indoor lighting'), (0.01762743768495661, 'eating'), (0.017495557703328272, 'glass'), (0.01727251300835329, 'reading'), (0.014481728673490067, 'glossy')]	(0.0, True)
1417510958060290590	2181303237	[(0.5316482, 'bedroom'), (0.25240806, 'bedchamber'), (0.061575156, 'attic'), (0.047226124, 'hotel_room'), (0.026024964, 'alcove')]	[(0.07102062426514359, 'enclosed area'), (0.0457770462799677, 'no horizon'), (0.0417246450340497, 'man-made'), (0.023491599462775275, 'wood'), (0.021082394764605404, 'indoor lighting'), (0.016766744663240848, 'soothing'), (0.016141018233458135, 'reading'), (0.015848851094768558, 'glass'), (0.014289940760529125, 'glossy')]	(0.0, True)
13278447	1771813024	[(0.17846513, 'arch'), (0.15034327, 'courtyard'), (0.10218381, 'kasbah'), (0.04376109, 'patio'), (0.039398674, 'zen_garden')]	[(0.07285758532118385, 'natural light'), (0.04359950894557171, 'man-made'), (0.038739247717071754, 'open area'), (0.025401638156488725, 'sunny'), (0.024649472077611947, 'foliage'), (0.022972291711533997, 'leaves'), (0.021454713449079697, 'trees'), (0.020146932876676772, 'no horizon'), (0.01823479120033882, 'vegetation')]	(1.0, False)
1121669897419495544	1917591471	[(0.22229458, 'hunting_lodge/outdoor'), (0.120376, 'chalet'), (0.076995015, 'general_store/outdoor'), (0.07345141, 'cabin/outdoor'), (0.0620941, 'patio')]	[(0.05328845308735922, 'man-made'), (0.05157020266100309, 'natural light'), (0.030199848765393833, 'open area'), (0.025291089886519392, 'no horizon'), (0.02313032019429721, 'wood'), (0.019425692560224507, 'trees'), (0.018068341019734768, 'foliage'), (0.017515711328791796, 'shingles'), (0.01651680826707297, 'sunny')]	(1.0, False)
1288288603064283223	2032274632	[(0.55623204, 'skyscraper'), (0.1910114, 'downtown'), (0.14944123, 'office_building'), (0.015192311, 'apartment_building/outdoor'), (0.012607293, 'industrial_area')]	[(0.0496837249291208, 'man-made'), (0.04094778374758372, 'natural light'), (0.04064155722385456, 'open area'), (0.03697322166367747, 'vertical components'), (0.020429109523073807, 'sunny'), (0.014888790857203647, 'metal'), (0.014824317446455924, 'far-away horizon'), (0.013997468263842117, 'no horizon'), (0.013144892021961152, 'clouds')]	(1.0, False)
51495230	1232758237	[(0.5004551, 'bedroom'), (0.31375226, 'bedchamber'), (0.051173583, 'bow_window/indoor'), (0.04812956, 'childs_room'), (0.031097101, 'hotel_room')]	[(0.05852240173738734, 'enclosed area'), (0.050384871338153545, 'no horizon'), (0.03470293162185568, 'man-made'), (0.030525916419353826, 'wood'), (0.022825752393824138, 'glass'), (0.019270225449642166, 'natural light'), (0.01920736501198653, 'soothing'), (0.017887371646823563, 'reading'), (0.01469340119689815, 'glossy')]	(0.0, True)
39893453	1201192374	[(0.34401593, 'kitchen'), (0.22960985, 'jewelry_shop'), (0.067602776, 'laundromat'), (0.058867544, 'utility_room'), (0.04030418, 'beauty_salon')]	[(0.06953292677410362, 'enclosed area'), (0.06000533346589769, 'no horizon'), (0.04033129299648617, 'man-made'), (0.02721519177601726, 'indoor lighting'), (0.023157097844326544, 'glossy'), (0.018018091537086806, 'glass'), (0.016598402096166025, 'wood'), (0.015133458994100655, 'working'), (0.012697122543530746, 'shopping')]	(0.0, True)
1284242744952801807	2051609389	[(0.529439, 'living_room'), (0.10849452, 'waiting_room'), (0.10133895, 'artists_loft'), (0.097823784, 'television_room'), (0.078115866, 'lobby')]	[(0.04350723786458316, 'enclosed area'), (0.04204405678651442, 'man-made'), (0.04162997326492677, 'no horizon'), (0.025279867064744686, 'glass'), (0.023869307094157494, 'wood'), (0.022037211724655066, 'indoor lighting'), (0.021558546357605346, 'reading'), (0.019212336767067947, 'glossy'), (0.017041949283053314, 'soothing')]	(0.0, True)
1121669897419495544	1917555104	[(0.62293994, 'bedroom'), (0.1549507, 'hotel_room'), (0.1520843, 'bedchamber'), (0.02122299, 'youth_hostel'), (0.012710361, 'childs_room')]	[(0.06147142882286974, 'enclosed area'), (0.053357352828455315, 'man-made'), (0.05157787414363647, 'no horizon'), (0.02408873631406092, 'wood'), (0.019069313068533163, 'reading'), (0.017190252809973543, 'soothing'), (0.015382059233893658, 'indoor lighting'), (0.014774176652159424, 'carpet'), (0.014118701364859917, 'cloth')]	(0.0, True)
41593058	1522757664	[(0.39632317, 'bedroom'), (0.20708093, 'youth_hostel'), (0.092306785, 'bedchamber'), (0.045503266, 'alcove'), (0.04352088, 'dorm_room')]	[(0.05489982200241982, 'enclosed area'), (0.04100891841491673, 'man-made'), (0.04018517689574069, 'no horizon'), (0.025906648179895825, 'wood'), (0.023490068606522196, 'glass'), (0.017688570531577776, 'reading'), (0.017483785845817848, 'natural light'), (0.01595240001935376, 'soothing'), (0.015049142866776059, 'glossy')]	(0.0, True)
1161158912845828165	1928936830	[(0.5700048, 'dining_room'), (0.3049861, 'dining_hall'), (0.041385747, 'banquet_hall'), (0.035001777, 'conference_room'), (0.0085345525, 'restaurant')]	[(0.048402519885979295, 'wood'), (0.046374320928114235, 'enclosed area'), (0.04500441653109456, 'no horizon'), (0.04337908693285567, 'man-made'), (0.024920728356406414, 'reading'), (0.02415864655868139, 'eating'), (0.019128776853844263, 'glass'), (0.01765601321952326, 'socializing'), (0.016575992895548772, 'soothing')]	(0.1, True)
1137701705422285080	1996467974	[(0.51785046, 'utility_room'), (0.47044596, 'laundromat'), (0.002182342, 'kitchen'), (0.0018246449, 'alcove'), (0.0017155508, 'artists_loft')]	[(0.07114111393332904, 'enclosed area'), (0.05270375882678882, 'no horizon'), (0.04638768611446363, 'man-made'), (0.02198925916625726, 'wood'), (0.019494741253157366, 'indoor lighting'), (0.018347071181456526, 'glossy'), (0.016040356543166476, 'glass'), (0.01437389577476677, 'eating'), (0.014232361068669002, 'reading')]	(0.0, True)
865223534318653298	1650576813	[(0.21038233, 'balcony/interior'), (0.20848021, 'porch'), (0.17887221, 'restaurant_patio'), (0.062449507, 'patio'), (0.03560774, 'beach_house')]	[(0.056948636614271034, 'man-made'), (0.036245138903091306, 'natural light'), (0.03604273105568, 'no horizon'), (0.020291465433573623, 'wood'), (0.016327607702139056, 'enclosed area'), (0.015617575584985789, 'open area'), (0.01494479904503219, 'reading'), (0.014921555481214677, 'glass'), (0.01490352182590114, 'soothing')]	(0.8, False)
1010006822581220040	1908719627	[(0.37506917, 'bedroom'), (0.17268087, 'attic'), (0.12924753, 'bedchamber'), (0.098976344, 'berth'), (0.05744625, 'hotel_room')]	[(0.05799986613974859, 'enclosed area'), (0.04482842459060517, 'man-made'), (0.04454674987782993, 'no horizon'), (0.034303264590460576, 'wood'), (0.022201632728198372, 'indoor lighting'), (0.01756299494067595, 'soothing'), (0.016118946816616703, 'glass'), (0.015293401035365476, 'reading'), (0.013590797337492522, 'glossy')]	(0.0, True)
17247383	1828614453	[(0.43701327, 'kitchen'), (0.088494934, 'wet_bar'), (0.07508162, 'restaurant_kitchen'), (0.067560405, 'pantry'), (0.03323994, 'galley')]	[(0.0691491099923272, 'enclosed area'), (0.056485482239298584, 'no horizon'), (0.04417320731662696, 'man-made'), (0.027288970037659854, 'indoor lighting'), (0.017656848550483956, 'glossy'), (0.017464305781721912, 'working'), (0.01709290053874494, 'wood'), (0.014300166805327804, 'glass'), (0.013710512584038709, 'metal')]	(0.0, True)
854242463291230948	2174908860	[(0.85560143, 'swimming_pool/indoor'), (0.08553913, 'jacuzzi/indoor'), (0.041766196, 'swimming_pool/outdoor'), (0.005347715, 'water_park'), (0.0039757015, 'hot_spring')]	[(0.06510126986193518, 'no horizon'), (0.02950071063806039, 'man-made'), (0.02543076202444284, 'swimming'), (0.02417689627024929, 'still water'), (0.02333514423703117, 'diving'), (0.02176575145592518, 'indoor lighting'), (0.020667639290271544, 'enclosed area'), (0.0182131377857236, 'moist'), (0.016401713452321273, 'boating')]	(0.7, False)
32180783	1580480362	[(0.3206172, 'kitchen'), (0.28153676, 'artists_loft'), (0.09875578, 'dining_room'), (0.07247618, 'galley'), (0.037509676, 'sushi_bar')]	[(0.051684107915785774, 'enclosed area'), (0.043050901613069244, 'no horizon'), (0.041235339342654886, 'man-made'), (0.03797115802697354, 'wood'), (0.020633273129963985, 'glass'), (0.017590070346914653, 'indoor lighting'), (0.01716980399414861, 'eating'), (0.016465163316483795, 'reading'), (0.01605611272272608, 'glossy')]	(0.0, True)
594006468621368411	1514797362	[(0.11327312, 'library/indoor'), (0.10220296, 'atrium/public'), (0.09690307, 'lobby'), (0.064875215, 'elevator_lobby'), (0.04222433, 'server_room')]	[(0.05191271372455449, 'no horizon'), (0.05006701159755408, 'enclosed area'), (0.0449736189202833, 'man-made'), (0.022322640977846402, 'indoor lighting'), (0.01971655721771445, 'wood'), (0.01730651247553272, 'glass'), (0.017232942803334744, 'glossy'), (0.013621969464810181, 'reading'), (0.013391823985448406, 'natural light')]	(0.0, True)
842015799127093401	1841525061	[(0.30816525, 'artists_loft'), (0.13896734, 'dining_room'), (0.112216696, 'alcove'), (0.04272426, 'entrance_hall'), (0.04020875, 'wet_bar')]	[(0.06499701924542753, 'enclosed area'), (0.043294535097103765, 'no horizon'), (0.0303360751028659, 'man-made'), (0.028376630295156212, 'wood'), (0.01990338100942153, 'indoor lighting'), (0.01707527139461693, 'glossy'), (0.01644267886972115, 'glass'), (0.01546936734636563, 'reading'), (0.01350681273980161, 'soothing')]	(0.0, True)
1277923245785771079	2185307039	[(0.21146934, 'balcony/interior'), (0.15805608, 'tree_house'), (0.103568554, 'picnic_area'), (0.08408116, 'park'), (0.07141836, 'promenade')]	[(0.09893022091260656, 'natural light'), (0.05680824003517826, 'open area'), (0.04289060295900227, 'trees'), (0.0381752323162773, 'foliage'), (0.03049661312170583, 'leaves'), (0.028844940363017088, 'vegetation'), (0.025750576366444216, 'sunny'), (0.023380686199463246, 'man-made'), (0.01906325420276366, 'natural')]	(1.0, False)
39817809	933653309	[(0.13848008, 'living_room'), (0.08629352, 'dining_room'), (0.080606, 'lobby'), (0.06977158, 'waiting_room'), (0.056142498, 'dining_hall')]	[(0.07195758476651172, 'enclosed area'), (0.057739292710945016, 'no horizon'), (0.033796161112383, 'man-made'), (0.03147567522572452, 'wood'), (0.03059196239160533, 'indoor lighting'), (0.016481867588025362, 'glass'), (0.016385999254902514, 'reading'), (0.015448634211595268, 'glossy'), (0.01441704218882957, 'eating')]	(0.0, True)
938720314500432182	1761600413	[(0.3769843, 'dining_room'), (0.28453743, 'conference_room'), (0.08229145, 'restaurant_patio'), (0.059217896, 'dining_hall'), (0.0591729, 'balcony/interior')]	[(0.06867334239687642, 'man-made'), (0.04227444470080241, 'natural light'), (0.027137519189799352, 'reading'), (0.022796258319300742, 'glass'), (0.020868731983186246, 'no horizon'), (0.01871508867371364, 'eating'), (0.01845287326346007, 'enclosed area'), (0.017101092256464806, 'wood'), (0.016347148799263852, 'soothing')]	(0.3, True)
623165293751387327	1531007463	[(0.6775397, 'dining_room'), (0.12733653, 'dining_hall'), (0.065793924, 'sushi_bar'), (0.026873449, 'restaurant'), (0.019015739, 'conference_room')]	[(0.055936873062808895, 'no horizon'), (0.046682052098447176, 'man-made'), (0.04467816282011115, 'enclosed area'), (0.037157395010058755, 'wood'), (0.02756136618196803, 'eating'), (0.023569480142268767, 'reading'), (0.014893231921465036, 'natural light'), (0.014480732545569993, 'glass'), (0.013388098287988249, 'soothing')]	(0.2, True)
40242652	1440236100	[(0.2235989, 'train_station/platform'), (0.12637351, 'parking_garage/outdoor'), (0.06801617, 'street'), (0.0503319, 'embassy'), (0.04621731, 'diner/outdoor')]	[(0.11099206582295502, 'man-made'), (0.06419440084969487, 'natural light'), (0.046009723368454485, 'open area'), (0.01831436395364487, 'driving'), (0.017499346517684557, 'asphalt'), (0.01695981819466771, 'transporting'), (0.01657425914376564, 'sunny'), (0.016534610338741484, 'vertical components'), (0.01649796434510955, 'no horizon')]	(0.9, False)
544251672199135151	1325190024	[(0.54653543, 'balcony/interior'), (0.14391664, 'porch'), (0.07985828, 'beach_house'), (0.06890356, 'patio'), (0.04648327, 'boardwalk')]	[(0.0632352645691893, 'natural light'), (0.057197727854576906, 'man-made'), (0.03279661474269252, 'open area'), (0.02405500134127047, 'wood'), (0.021594569082582876, 'sunny'), (0.017632343785705867, 'clouds'), (0.01636684440593579, 'far-away horizon'), (0.013820508590388027, 'reading'), (0.013586824018159166, 'railing')]	(1.0, False)
938720314500432182	2041226881	[(0.111872464, 'cliff'), (0.097248636, 'coast'), (0.090200126, 'ocean'), (0.082245484, 'islet'), (0.057851836, 'beach')]	[(0.039669457915576314, 'natural light'), (0.02927688288874264, 'man-made'), (0.027534279911011754, 'open area'), (0.01908094151462842, 'far-away horizon'), (0.016886677456979336, 'sunny'), (0.016499632137234235, 'no horizon'), (0.01576682505538838, 'boating'), (0.015458865313833893, 'ocean'), (0.0151306185168667, 'swimming')]	(0.9, False)
1186422226962769475	1938086219	[(0.2690333, 'artists_loft'), (0.11303648, 'living_room'), (0.09949483, 'television_room'), (0.085462496, 'recreation_room'), (0.08238035, 'waiting_room')]	[(0.05649967695267851, 'man-made'), (0.03989105502697334, 'enclosed area'), (0.034259038150619446, 'no horizon'), (0.020108760849848185, 'wood'), (0.01913869635277922, 'natural light'), (0.017463221511106436, 'indoor lighting'), (0.017113735897581688, 'reading'), (0.015263468925947063, 'glass'), (0.014202940038137522, 'glossy')]	(0.0, True)
618229788695229139	2033224838	[(0.30611467, 'television_room'), (0.10290813, 'living_room'), (0.08519724, 'artists_loft'), (0.05652767, 'bedroom'), (0.05170072, 'hotel_room')]	[(0.038240694210646645, 'enclosed area'), (0.03545858547861257, 'man-made'), (0.025461051840803696, 'no horizon'), (0.022838062084977382, 'wood'), (0.020913368701350743, 'natural light'), (0.020817667680152443, 'glass'), (0.0181413668753931, 'glossy'), (0.017027908143056297, 'reading'), (0.016476087559769995, 'far-away horizon')]	(0.2, True)
1421034633755138743	2173693284	[(0.18633519, 'hotel_room'), (0.16692325, 'bedroom'), (0.11645389, 'attic'), (0.068195246, 'berth'), (0.055978898, 'conference_room')]	[(0.05421105918471527, 'enclosed area'), (0.037480575534160225, 'no horizon'), (0.031841261575353594, 'man-made'), (0.022546639089174557, 'indoor lighting'), (0.01592891972174868, 'wood'), (0.015267237643701206, 'glossy'), (0.013966680482829959, 'reading'), (0.013652333298576149, 'matte'), (0.012824086171357567, 'glass')]	(0.0, True)
1295825191040206597	2035597604	[(0.3888558, 'wet_bar'), (0.230447, 'bathroom'), (0.0723431, 'shower'), (0.06637234, 'kitchen'), (0.044740576, 'alcove')]	[(0.0655972368054014, 'enclosed area'), (0.0574129470164634, 'no horizon'), (0.04176195335989166, 'man-made'), (0.03067328279417286, 'wood'), (0.018745936516707123, 'glass'), (0.018149699612307467, 'indoor lighting'), (0.01567424654895229, 'glossy'), (0.013238228613175142, 'soothing'), (0.012614769339860672, 'matte')]	(0.0, True)
1369236687897698020	2101060385	[(0.7213129, 'bedroom'), (0.18007681, 'bedchamber'), (0.032040242, 'hotel_room'), (0.028444668, 'youth_hostel'), (0.017126858, 'childs_room')]	[(0.05506192480514762, 'enclosed area'), (0.04545224930127879, 'no horizon'), (0.0416669754848379, 'man-made'), (0.031513147700514825, 'wood'), (0.022584606135203893, 'soothing'), (0.01964263615394927, 'reading'), (0.016131520866095764, 'glass'), (0.015765385446203983, 'indoor lighting'), (0.015404940688363653, 'natural light')]	(0.0, True)
582560639839832166	1934941304	[(0.39376792, 'sushi_bar'), (0.23468667, 'kitchen'), (0.123660214, 'reception'), (0.045501247, 'restaurant_kitchen'), (0.044685263, 'wet_bar')]	[(0.07812660581016208, 'no horizon'), (0.05666299941672659, 'man-made'), (0.043581318949105406, 'enclosed area'), (0.02106461482552143, 'wood'), (0.01865336123691226, 'indoor lighting'), (0.01773814163249343, 'eating'), (0.015427827274226754, 'glass'), (0.01345088328528685, 'glossy'), (0.012952721391623432, 'working')]	(0.0, True)
841522265020430560	1601549027	[(0.1727386, 'hayfield'), (0.07849078, 'motel'), (0.07267242, 'airfield'), (0.06279502, 'farm'), (0.036976416, 'barn')]	[(0.061595172486574916, 'open area'), (0.05569123566931756, 'natural light'), (0.03016139196494906, 'sunny'), (0.02727175033101983, 'far-away horizon'), (0.026630403637936943, 'man-made'), (0.01993954109107254, 'clouds'), (0.01627523285685633, 'dry'), (0.014959439470477686, 'natural'), (0.014528940526353801, 'grass')]	(1.0, False)
914134549607969693	1675548084	[(0.32241124, 'entrance_hall'), (0.19314341, 'alcove'), (0.15548709, 'corridor'), (0.051304378, 'artists_loft'), (0.029124442, 'elevator_lobby')]	[(0.07803199738380265, 'enclosed area'), (0.055921685806053424, 'no horizon'), (0.03583930917796462, 'man-made'), (0.03373844729635801, 'wood'), (0.021826280148853107, 'indoor lighting'), (0.016431951417560584, 'glossy'), (0.013888203576491695, 'glass'), (0.0134441668586448, 'soothing'), (0.01269707598100641, 'reading')]	(0.0, True)
54177538	1316716699	[(0.7557492, 'kitchen'), (0.110756256, 'wet_bar'), (0.03637348, 'restaurant_kitchen'), (0.032069035, 'galley'), (0.009756897, 'alcove')]	[(0.07083850854651264, 'enclosed area'), (0.04108652168643778, 'no horizon'), (0.03790543945902456, 'man-made'), (0.027876064109529402, 'wood'), (0.026267681530633077, 'indoor lighting'), (0.01951364206852944, 'glossy'), (0.018765260769377467, 'glass'), (0.01299737530809275, 'reading'), (0.012841925593517886, 'matte')]	(0.0, True)
29457873	1217628065	[(0.22838067, 'kasbah'), (0.13249235, 'balcony/interior'), (0.08314558, 'industrial_area'), (0.054605816, 'roof_garden'), (0.034186162, 'slum')]	[(0.07503629342635675, 'man-made'), (0.045919559930538915, 'natural light'), (0.03969507003607139, 'open area'), (0.02314351433150209, 'sunny'), (0.013549775955342389, 'clouds'), (0.013357382893798394, 'vertical components'), (0.01306563227184505, 'metal'), (0.012678299941113205, 'far-away horizon'), (0.012167877127158081, 'dry')]	(1.0, False)
1188854649771898639	1941384649	[(0.5964935, 'bedroom'), (0.21225229, 'hotel_room'), (0.1004384, 'attic'), (0.079299115, 'bedchamber'), (0.008322282, 'berth')]	[(0.0807893748605625, 'enclosed area'), (0.048671688751099035, 'no horizon'), (0.04358297119313199, 'man-made'), (0.04064936625761919, 'indoor lighting'), (0.0191005496292884, 'wood'), (0.01738066467347987, 'soothing'), (0.01437918025988501, 'glossy'), (0.01416056856336469, 'carpet'), (0.013568093519423653, 'reading')]	(0.0, True)
17504528	287117024	[(0.317481, 'dining_room'), (0.10347204, 'artists_loft'), (0.07729923, 'reception'), (0.0657872, 'living_room'), (0.057378486, 'home_office')]	[(0.053096499571228646, 'enclosed area'), (0.04126024759802077, 'no horizon'), (0.03085114687440456, 'wood'), (0.030403038319785403, 'man-made'), (0.02418665829214434, 'indoor lighting'), (0.018130124367817087, 'glass'), (0.018002953395559795, 'reading'), (0.017200618917423825, 'eating'), (0.015748657936433427, 'glossy')]	(0.0, True)
566016	2012425217	[(0.118675925, 'swimming_pool/outdoor'), (0.09027984, 'fountain'), (0.066246994, 'patio'), (0.04268428, 'restaurant_patio'), (0.03091893, 'harbor')]	[(0.043159068383829956, 'man-made'), (0.029976700523768673, 'natural light'), (0.029339198184132383, 'open area'), (0.025732630556027442, 'no horizon'), (0.01961827217028926, 'trees'), (0.019122851486386296, 'foliage'), (0.016565442567681124, 'sunny'), (0.015754852562149504, 'leaves'), (0.014184224480967036, 'vegetation')]	(1.0, False)
3497901	1574311220	[(0.22646892, 'bedchamber'), (0.16387974, 'entrance_hall'), (0.15680075, 'bedroom'), (0.10656324, 'alcove'), (0.08219811, 'living_room')]	[(0.07943028632981297, 'enclosed area'), (0.06432428063344188, 'no horizon'), (0.03846252225567646, 'man-made'), (0.03302514971009876, 'wood'), (0.02014473906725861, 'indoor lighting'), (0.01656960728457464, 'glass'), (0.01583136332980605, 'soothing'), (0.0147817091433775, 'reading'), (0.013850234804537941, 'glossy')]	(0.0, True)
1186267706679886062	1942549926	[(0.5409799, 'kitchen'), (0.08538446, 'wet_bar'), (0.0801878, 'utility_room'), (0.051091596, 'galley'), (0.029086512, 'dining_room')]	[(0.048210682625738695, 'enclosed area'), (0.0377294833516353, 'man-made'), (0.036327159818471164, 'no horizon'), (0.023200803357200497, 'wood'), (0.01505010235727444, 'indoor lighting'), (0.014686583872574866, 'reading'), (0.014528854615335016, 'natural light'), (0.014265398113772502, 'glass'), (0.014154649960685255, 'glossy')]	(0.0, True)
53685198	1849905336	[(0.9714788, 'beach_house'), (0.0069442033, 'boathouse'), (0.0037706797, 'promenade'), (0.0031392795, 'lighthouse'), (0.0025882653, 'balcony/interior')]	[(0.10047500190070624, 'natural light'), (0.07593532574745356, 'man-made'), (0.05684837282272369, 'open area'), (0.027334431523349932, 'sunny'), (0.02550520725359623, 'clouds'), (0.022327073801552393, 'far-away horizon'), (0.016087975913987956, 'boating'), (0.014082133456961238, 'ocean'), (0.013842997461799643, 'swimming')]	(1.0, False)
1086225479426432738	1836869935	[(0.3623047, 'kitchen'), (0.2111103, 'wet_bar'), (0.1140783, 'galley'), (0.0393129, 'bathroom'), (0.03663921, 'dining_room')]	[(0.05115794346639527, 'enclosed area'), (0.04340227378471743, 'no horizon'), (0.04240078449282111, 'man-made'), (0.028963746099737935, 'wood'), (0.022187259083683294, 'indoor lighting'), (0.019340460904617243, 'glass'), (0.01742195860873234, 'glossy'), (0.015694188521205993, 'reading'), (0.01392694094985283, 'eating')]	(0.0, True)
43469529	1977441616	[(0.303168, 'ticket_booth'), (0.06176278, 'booth/indoor'), (0.05429286, 'conference_center'), (0.04005273, 'sky'), (0.039316323, 'ice_shelf')]	[(0.02395605305121214, 'open area'), (0.02015472326487646, 'natural light'), (0.017854265292998713, 'man-made'), (0.01753076691215689, 'no horizon'), (0.016812245602063326, 'natural'), (0.01555936591790024, 'far-away horizon'), (0.014228606661978123, 'clouds'), (0.013648608527187007, 'sunny'), (0.013127450534718189, 'indoor lighting')]	(0.4, True)
1161158912845828165	2138238211	[(0.24653384, 'porch'), (0.20136344, 'entrance_hall'), (0.09627226, 'dining_room'), (0.07861493, 'dining_hall'), (0.06591, 'bow_window/indoor')]	[(0.04775218714619469, 'man-made'), (0.047040043664366024, 'no horizon'), (0.03208318683621727, 'wood'), (0.028741814044254313, 'enclosed area'), (0.02639089763126684, 'natural light'), (0.019745549939540644, 'reading'), (0.01916344932527871, 'glass'), (0.017279345649680655, 'soothing'), (0.016616493148071444, 'eating')]	(0.1, True)
45273992	1062971330	[(0.5626962, 'swimming_pool/outdoor'), (0.3432108, 'water_park'), (0.028426956, 'fountain'), (0.027156223, 'swimming_pool/indoor'), (0.008540532, 'fishpond')]	[(0.06160550462797888, 'natural light'), (0.039139931439382415, 'open area'), (0.030388024733435954, 'swimming'), (0.025440245421284858, 'still water'), (0.02469457431623754, 'diving'), (0.02454804654765072, 'man-made'), (0.023666406873163064, 'sunny'), (0.019928875620841998, 'soothing'), (0.019826095509023117, 'moist')]	(0.7, False)
1085630187382394314	1836277996	[(0.69211155, 'swimming_pool/outdoor'), (0.14560686, 'balcony/exterior'), (0.021319045, 'hotel/outdoor'), (0.01921753, 'beach_house'), (0.016533913, 'inn/outdoor')]	[(0.05522271006115211, 'natural light'), (0.0509886021327206, 'man-made'), (0.04325428519558715, 'open area'), (0.031428093618345566, 'sunny'), (0.015778385472925694, 'warm'), (0.015209292770439357, 'clouds'), (0.015123076212395527, 'foliage'), (0.014844157122907618, 'touring'), (0.01438268077307061, 'still water')]	(0.9, False)
